{
    "0": {
        "precision": 1.0,
        "recall": 0.9596774193548387,
        "f1-score": 0.9794238683127572,
        "support": 248.0
    },
    "1": {
        "precision": 0.9719887955182073,
        "recall": 1.0,
        "f1-score": 0.9857954545454546,
        "support": 347.0
    },
    "2": {
        "precision": 1.0,
        "recall": 1.0,
        "f1-score": 1.0,
        "support": 120.0
    },
    "3": {
        "precision": 1.0,
        "recall": 1.0,
        "f1-score": 1.0,
        "support": 65.0
    },
    "accuracy": 0.9871794871794872,
    "macro avg": {
        "precision": 0.9929971988795518,
        "recall": 0.9899193548387097,
        "f1-score": 0.9913048307145529,
        "support": 780.0
    },
    "weighted avg": {
        "precision": 0.987538605185664,
        "recall": 0.9871794871794872,
        "f1-score": 0.9871386436779955,
        "support": 780.0
    }
}